Ridge Penalty,10 - fold R2 Score
0.0020040057344150666,0.77800163603547
0.02574104892631849,0.7780017461766559
0.04336224367095626,0.7780018007708925
0.0053384479204575015,0.7780016834169479
0.06960948843566903,0.778001878854776
