Ridge Penalty,10 - fold R2 Score
100.0,0.5607373270070226
50.0,0.5607392416863146
10.0,0.5607402007681992
5.0,0.5607402779176718
1.0,0.5607403321210093
0.5,0.5607403384178061
0.1,0.5607403433779251
0.01,0.5607403444844612
0.001,0.5607403445949227
